SG_UF_ESC,CD_UF,CD_RGI,NM_RGI,media_nota_redacao,Nível,Ranking
Sergipe,28,280005,Lagarto,675.9657701711492,Nível 10,1º
Rio Grande do Sul,43,430042,Sobradinho,666.7142857142857,Nível 10,2º
Espírito Santo,32,320002,Afonso Cláudio - Venda Nova do Imigrante - Santa Maria de Jetibá,664.3879173290939,Nível 10,3º
Rio Grande do Sul,43,430032,Tapejara - Sananduva,658.9108910891089,Nível 10,4º
Minas Gerais,31,310067,Dores do Indaiá,657.5257731958762,Nível 10,5º
Rio Grande do Sul,43,430030,Marau,657.3214285714286,Nível 10,6º
Minas Gerais,31,310039,São João del Rei,656.5562913907285,Nível 10,7º
Pernambuco,26,260008,Surubim,655.8922558922559,Nível 10,8º
Rio Grande do Sul,43,430007,Montenegro,654.5901639344262,Nível 10,9º
São Paulo,35,350029,Fernandópolis,653.3823529411765,Nível 10,10º
Rio Grande do Sul,43,430018,Ijuí,652.1379310344828,Nível 10,11º
Rio Grande do Sul,43,430020,Santo Ângelo,644.2957746478874,Nível 10,12º
Rio Grande do Sul,43,430029,Frederico Westphalen,642.9787234042553,Nível 10,13º
Santa Catarina,42,420015,Videira,642.1576763485477,Nível 10,14º
Rio Grande do Sul,43,430040,Santa Cruz do Sul,640.824427480916,Nível 10,15º
Rio de Janeiro,33,330008,Nova Friburgo,638.7438016528926,Nível 10,16º
Minas Gerais,31,310034,Carangola,637.0909090909091,Nível 10,17º
Minas Gerais,31,310025,Caratinga,636.9,Nível 10,18º
Minas Gerais,31,310070,Abaeté,636.4516129032259,Nível 10,19º
Rio Grande do Sul,43,430024,Cerro Largo,636.3333333333334,Nível 10,20º
Minas Gerais,31,310024,Ipatinga,635.947242206235,Nível 10,21º
Goiás,52,520002,Anápolis,635.1092168353756,Nível 10,22º
São Paulo,35,350010,Jaú,634.4807121661721,Nível 10,23º
Minas Gerais,31,310052,Itajubá,633.0650154798761,Nível 10,24º
Bahia,29,290016,Guanambi,632.7052489905788,Nível 10,25º
Espírito Santo,32,320003,São Mateus,630.4336043360433,Nível 10,26º
Rio Grande do Sul,43,430026,Erechim,629.8630136986301,Nível 10,27º
Paraíba,25,250014,Sousa,628.5961871750434,Nível 10,28º
Pernambuco,26,260014,Afogados da Ingazeira,628.4186046511628,Nível 10,29º
Minas Gerais,31,310016,Diamantina,628.1746031746031,Nível 10,30º
Pernambuco,26,260012,Belo Jardim - Pesqueira,627.912457912458,Nível 10,31º
Minas Gerais,31,310014,Capelinha,626.7636363636364,Nível 10,32º
Minas Gerais,31,310026,João Monlevade,626.7479674796748,Nível 10,33º
Rio Grande do Sul,43,430021,Três Passos,626.4242424242424,Nível 10,34º
Minas Gerais,31,310065,Divinópolis,625.9402121504339,Nível 10,35º
Pernambuco,26,260009,Caruaru,624.4090403853279,Nível 10,36º
Rio Grande do Sul,43,430033,Lagoa Vermelha,624.1666666666666,Nível 10,37º
São Paulo,35,350030,Santa Fé do Sul,623.8709677419355,Nível 10,38º
Paraíba,25,250012,Pombal,623.7037037037037,Nível 10,39º
Maranhão,21,210014,Timon,623.082191780822,Nível 10,40º
Espírito Santo,32,320004,Linhares,622.700119474313,Nível 10,41º
Rio Grande do Sul,43,430002,Novo Hamburgo - São Leopoldo,622.5467289719626,Nível 10,42º
Rio Grande do Sul,43,430025,Passo Fundo,622.031523642732,Nível 10,43º
Minas Gerais,31,310068,Pará de Minas,621.244019138756,Nível 10,44º
São Paulo,35,350016,Tupã,620.9958506224067,Nível 10,45º
Rio Grande do Sul,43,430043,Encantado,620.952380952381,Nível 10,46º
Minas Gerais,31,310028,Manhuaçu,620.8457711442786,Nível 10,47º
Minas Gerais,31,310037,Barbacena,620.806916426513,Nível 10,48º
Rio Grande do Sul,43,430037,Bento Gonçalves,620.3911980440098,Nível 10,49º
Minas Gerais,31,310047,São Sebastião do Paraíso,620.3,Nível 10,50º
Espírito Santo,32,320007,Cachoeiro de Itapemirim,620.0492206726825,Nível 10,51º
São Paulo,35,350017,Piraju,620.0,Nível 9,52º
Minas Gerais,31,310005,Itabira,619.91341991342,Nível 9,53º
São Paulo,35,350042,Limeira,619.7677419354839,Nível 9,54º
Sergipe,28,280004,Itabaiana,619.6375617792422,Nível 9,55º
Santa Catarina,42,420010,Concórdia,619.622641509434,Nível 9,56º
Rio Grande do Sul,43,430011,Santa Maria,619.607476635514,Nível 9,57º
Minas Gerais,31,310038,Conselheiro Lafaiete,619.1401869158879,Nível 9,58º
Rio Grande do Norte,24,240009,Mossoró,618.592,Nível 9,59º
Rio Grande do Sul,43,430023,Três de Maio,618.56,Nível 9,60º
Rio Grande do Sul,43,430027,Cruz Alta,618.3275261324042,Nível 9,61º
Piauí,22,220004,Valença do Piauí,618.046511627907,Nível 9,62º
Rio Grande do Sul,43,430019,Santa Rosa,616.5543071161048,Nível 9,63º
Minas Gerais,31,310020,Governador Valadares,616.096,Nível 9,64º
Minas Gerais,31,310069,Oliveira,613.8853503184713,Nível 9,65º
Espírito Santo,32,320005,Colatina,613.7637028014616,Nível 9,66º
Minas Gerais,31,310066,Formiga,613.7614678899082,Nível 9,67º
Minas Gerais,31,310017,Araçuaí,613.7142857142857,Nível 9,68º
São Paulo,35,350048,Amparo,613.6315789473684,Nível 9,69º
Santa Catarina,42,420024,Ituporanga,613.469387755102,Nível 9,70º
Minas Gerais,31,310029,Ubá,613.2227488151659,Nível 9,71º
São Paulo,35,350052,Guaratinguetá,612.4802527646129,Nível 9,72º
São Paulo,35,350019,Adamantina - Lucélia,612.3214285714286,Nível 9,73º
Bahia,29,290027,Cícero Dantas,611.9444444444445,Nível 9,74º
Minas Gerais,31,310056,Araxá,611.9354838709677,Nível 9,75º
Minas Gerais,31,310061,Monte Carmelo,611.4772727272727,Nível 9,76º
Rio Grande do Sul,43,430038,Nova Prata - Guaporé,611.28,Nível 9,77º
Pernambuco,26,260006,Carpina,610.8418367346939,Nível 9,78º
Rio Grande do Sul,43,430004,Taquara - Parobé - Igrejinha,610.5555555555555,Nível 9,79º
Santa Catarina,42,420021,Brusque,609.9065420560747,Nível 9,80º
Santa Catarina,42,420012,Maravilha,609.3939393939394,Nível 9,81º
Paraíba,25,250013,Princesa Isabel,609.3413173652694,Nível 9,82º
Piauí,22,220007,Piripiri,609.2542372881356,Nível 9,83º
Rio Grande do Sul,43,430009,Pelotas,609.1837708830549,Nível 9,84º
Santa Catarina,42,420003,Tubarão,608.6754002911208,Nível 9,85º
Goiás,52,520011,Jataí-Mineiros,607.9217603911981,Nível 9,86º
Pernambuco,26,260004,Limoeiro,607.8534031413612,Nível 9,87º
Rio Grande do Sul,43,430013,Cachoeira do Sul,607.4285714285714,Nível 9,88º
Rio Grande do Sul,43,430028,Carazinho,607.2843450479234,Nível 9,89º
Minas Gerais,31,310054,Caxambu - Baependi,607.2549019607843,Nível 9,90º
Rio Grande do Sul,43,430036,Caxias do Sul,607.2122302158274,Nível 9,91º
Minas Gerais,31,310044,Guaxupé,607.1666666666666,Nível 9,92º
Minas Gerais,31,310031,Muriaé,607.1527777777778,Nível 9,93º
Espírito Santo,32,320008,Alegre,606.1764705882352,Nível 9,94º
Minas Gerais,31,310033,Viçosa,605.0833333333334,Nível 9,95º
Pernambuco,26,260010,Garanhuns,605.0613915416099,Nível 9,96º
Minas Gerais,31,310007,Janaúba,605.0228310502283,Nível 9,97º
Rio de Janeiro,33,330012,Santo Antônio de Pádua,604.8780487804878,Nível 9,98º
São Paulo,35,350034,São Joaquim da Barra - Orlândia,604.6543778801844,Nível 9,99º
Minas Gerais,31,310002,Sete Lagoas,604.6360153256705,Nível 9,100º
Rio Grande do Norte,24,240007,Caicó,604.6073298429319,Nível 9,101º
São Paulo,35,350009,Bauru,604.3601895734597,Nível 9,102º
Minas Gerais,31,310051,Poços de Caldas,603.956834532374,Nível 8,103º
Sergipe,28,280001,Aracaju,603.9076107535025,Nível 8,104º
Rio Grande do Sul,43,430015,Uruguaiana,603.6726546906187,Nível 8,105º
Piauí,22,220005,Barras,603.3656957928803,Nível 8,106º
Santa Catarina,42,420011,Xanxerê,603.1451612903226,Nível 8,107º
Minas Gerais,31,310062,Patos de Minas,603.0156472261735,Nível 8,108º
Goiás,52,520001,Goiânia,602.9560915275201,Nível 8,109º
Santa Catarina,42,420008,Joaçaba - Herval d'Oeste,602.4806201550388,Nível 8,110º
Piauí,22,220009,Picos,602.3728813559322,Nível 8,111º
Minas Gerais,31,310001,Belo Horizonte,602.1017441860465,Nível 8,112º
Santa Catarina,42,420016,Joinville,601.8364550022842,Nível 8,113º
Santa Catarina,42,420013,São Lourenço do Oeste,601.2578616352201,Nível 8,114º
Minas Gerais,31,310006,Montes Claros,600.5587668593449,Nível 8,115º
Minas Gerais,31,310053,São Lourenço,600.0763358778626,Nível 8,116º
Bahia,29,290013,Brumado,600.07299270073,Nível 8,117º
São Paulo,35,350033,Franca,599.765625,Nível 8,118º
Bahia,29,290029,Feira de Santana,599.5080091533181,Nível 8,119º
São Paulo,35,350049,São José dos Campos,599.193857965451,Nível 8,120º
Goiás,52,520003,Inhumas - Itaberaí - Anicuns,599.1705069124424,Nível 8,121º
Pernambuco,26,260002,Goiana - Timbaúba,599.1413767579571,Nível 8,122º
Minas Gerais,31,310045,Três Corações,598.8148148148148,Nível 8,123º
Pará,15,150015,Santarém,598.4454604833442,Nível 8,124º
Minas Gerais,31,310059,Uberlândia,598.2509937535491,Nível 8,125º
Minas Gerais,31,310035,São João Nepomuceno - Bicas,598.2,Nível 8,126º
Paraíba,25,250005,Campina Grande,597.8056889545622,Nível 8,127º
Rio Grande do Sul,43,430014,Santiago,597.6377952755905,Nível 8,128º
Minas Gerais,31,310043,Lavras,597.5711574952562,Nível 8,129º
Rio de Janeiro,33,330004,Volta Redonda - Barra Mansa,597.467652495379,Nível 8,130º
Paraíba,25,250011,Catolé do Rocha - São Bento,596.9325153374233,Nível 8,131º
São Paulo,35,350043,Mogi Guaçu,596.5333333333333,Nível 8,132º
São Paulo,35,350038,Campinas,596.457000710732,Nível 8,133º
Bahia,29,290032,Conceição do Coité,596.3380281690141,Nível 8,134º
Rio Grande do Norte,24,240008,Currais Novos,596.2926829268292,Nível 8,135º
Santa Catarina,42,420022,Rio do Sul,596.1046511627907,Nível 8,136º
Bahia,29,290034,Seabra,595.9801488833747,Nível 8,137º
Piauí,22,220003,Campo Maior,595.7017543859649,Nível 8,138º
Rondônia,11,110002,Ariquemes,595.5679702048417,Nível 8,139º
Rio de Janeiro,33,330007,Petrópolis,595.3058676654182,Nível 8,140º
Bahia,29,290026,Euclides da Cunha,595.3020134228188,Nível 8,141º
São Paulo,35,350014,Assis,595.0925925925926,Nível 8,142º
Rio Grande do Sul,43,430008,Torres,594.9484536082474,Nível 8,143º
São Paulo,35,350046,Rio Claro,594.7323340471092,Nível 8,144º
Rio Grande do Sul,43,430041,Lajeado,594.335260115607,Nível 8,145º
Paraná,41,410019,Paranacity - Colorado,593.6842105263158,Nível 8,146º
Minas Gerais,31,310041,Passos,593.6460554371002,Nível 8,147º
Rio de Janeiro,33,330005,Resende,593.5714285714286,Nível 8,148º
Distrito Federal,53,530001,Distrito Federal,593.3360680955799,Nível 8,149º
São Paulo,35,350037,São Carlos,593.0434782608696,Nível 8,150º
Rio Grande do Norte,24,240010,Pau dos Ferros,592.7927927927927,Nível 8,151º
Goiás,52,520017,Uruaçu - Niquelândia,592.6588235294117,Nível 8,152º
Pará,15,150004,Castanhal,592.5998225377108,Nível 8,153º
São Paulo,35,350047,São José do Rio Pardo - Mococa,592.3544303797469,Nível 7,154º
Bahia,29,290012,Jequié,591.6869565217391,Nível 7,155º
Minas Gerais,31,310055,Uberaba,591.5905511811023,Nível 7,156º
Sergipe,28,280006,Nossa Senhora da Glória,591.5023474178404,Nível 7,157º
Bahia,29,290018,Barreiras,591.1274509803922,Nível 7,158º
Minas Gerais,31,310042,Alfenas,591.0440835266821,Nível 7,159º
São Paulo,35,350025,São José do Rio Preto,590.989010989011,Nível 7,160º
Rio Grande do Sul,43,430012,São Gabriel - Caçapava do Sul,590.9032258064516,Nível 7,161º
Mato Grosso,51,510006,Mirassol D'oeste,590.6837606837607,Nível 7,162º
Alagoas,27,270007,Arapiraca,590.4916261480281,Nível 7,163º
São Paulo,35,350020,Dracena,590.377358490566,Nível 7,164º
São Paulo,35,350045,Araras,590.1615798922801,Nível 7,165º
Minas Gerais,31,310032,Cataguases,590.0,Nível 7,166º
Rio Grande do Sul,43,430003,Tramandaí - Osório,589.9476439790576,Nível 7,167º
Rio Grande do Norte,24,240001,Natal,589.8945349952062,Nível 7,168º
Minas Gerais,31,310048,Campo Belo,589.4444444444445,Nível 7,169º
Minas Gerais,31,310027,Juiz de Fora,589.3592677345538,Nível 7,170º
Rio Grande do Sul,43,430031,Soledade,589.1304347826087,Nível 7,171º
Goiás,52,520004,Catalão,589.0612244897959,Nível 7,172º
Rio Grande do Sul,43,430034,Palmeira das Missões,588.930817610063,Nível 7,173º
Bahia,29,290011,Vitória da Conquista,588.9255014326648,Nível 7,174º
Pará,15,150018,Altamira,588.8175675675676,Nível 7,175º
São Paulo,35,350001,São Paulo,588.6973485368869,Nível 7,176º
São Paulo,35,350036,Araraquara,588.245931283906,Nível 7,177º
Minas Gerais,31,310050,Pouso Alegre,588.0398671096345,Nível 7,178º
Santa Catarina,42,420001,Florianópolis,587.8669438669439,Nível 7,179º
Espírito Santo,32,320001,Vitória,587.7900749732238,Nível 7,180º
São Paulo,35,350039,Jundiaí,587.7358490566038,Nível 7,181º
Goiás,52,520018,Ceres - Rialma - Goianésia,587.5718015665797,Nível 7,182º
Bahia,29,290025,Ribeira do Pombal,587.3103448275862,Nível 7,183º
Santa Catarina,42,420019,Blumenau,587.3000940733772,Nível 7,184º
Rio de Janeiro,33,330009,Três Rios - Paraíba do Sul,587.2666666666667,Nível 7,185º
São Paulo,35,350040,Piracicaba,586.5009560229446,Nível 7,186º
Bahia,29,290024,Paulo Afonso,586.4429530201343,Nível 7,187º
Goiás,52,520005,Goiás - Itapuranga,586.4347826086956,Nível 7,188º
Bahia,29,290014,Ipiaú,586.3366336633663,Nível 7,189º
Rondônia,11,110004,Ji-Paraná,586.1146496815287,Nível 7,190º
Pernambuco,26,260003,Palmares,585.7931034482758,Nível 7,191º
Goiás,52,520006,Pires do Rio,585.6774193548387,Nível 7,192º
Paraíba,25,250002,Guarabira,585.5805580558056,Nível 7,193º
Minas Gerais,31,310046,Três Pontas - Boa Esperança,585.2173913043479,Nível 7,194º
Santa Catarina,42,420002,Criciúma,585.0331125827814,Nível 7,195º
Mato Grosso,51,510010,Alta Floresta,584.622641509434,Nível 7,196º
Santa Catarina,42,420017,Mafra,584.297520661157,Nível 7,197º
Santa Catarina,42,420009,São Miguel do Oeste,584.2679900744417,Nível 7,198º
Pernambuco,26,260001,Recife,584.1427399507793,Nível 7,199º
Santa Catarina,42,420018,São Bento do Sul - Rio Negrinho,583.536231884058,Nível 7,200º
Goiás,52,520016,Porangatu,583.3809523809524,Nível 7,201º
Santa Catarina,42,420004,Araranguá,583.3333333333334,Nível 7,202º
Pernambuco,26,260015,Petrolina,583.038961038961,Nível 7,203º
Paraná,41,410013,Marechal Cândido Rondon,582.9090909090909,Nível 7,204º
Goiás,52,520012,Quirinópolis,582.7488151658767,Nível 6,205º
Pará,15,150007,Paragominas,582.3958333333334,Nível 6,206º
Minas Gerais,31,310040,Varginha,582.3684210526316,Nível 6,207º
Pernambuco,26,260013,Serra Talhada,582.3497757847533,Nível 6,208º
São Paulo,35,350013,Marília,582.3384615384615,Nível 6,209º
Bahia,29,290028,Jeremoabo,582.2857142857143,Nível 6,210º
Pará,15,150009,Marabá,582.0041753653445,Nível 6,211º
Pará,15,150002,Cametá,581.96875,Nível 6,212º
Santa Catarina,42,420007,Chapecó,581.7836812144212,Nível 6,213º
Rio Grande do Sul,43,430035,Nonoai,581.6470588235294,Nível 6,214º
Rio de Janeiro,33,330011,Itaperuna,581.6346153846154,Nível 6,215º
Minas Gerais,31,310004,Curvelo,581.6326530612245,Nível 6,216º
Maranhão,21,210019,Imperatriz,581.3224181360201,Nível 6,217º
Acre,12,120001,Rio Branco,581.2756598240469,Nível 6,218º
São Paulo,35,350018,Presidente Prudente,581.2166666666667,Nível 6,219º
Pará,15,150001,Belém,580.6566692975533,Nível 6,220º
São Paulo,35,350028,Jales,580.126582278481,Nível 6,221º
Rio de Janeiro,33,330010,Campos dos Goytacazes,580.1183431952662,Nível 6,222º
Piauí,22,220010,Paulistana,580.0,Nível 6,223º
Mato Grosso do Sul,50,500009,Amambai,579.0123456790124,Nível 6,224º
Goiás,52,520008,Caldas Novas-Morrinhos,578.9,Nível 6,225º
Piauí,22,220011,Oeiras,578.8695652173913,Nível 6,226º
Maranhão,21,210016,Presidente Dutra,578.288920056101,Nível 6,227º
Rondônia,11,110001,Porto Velho,577.641804376954,Nível 6,228º
Bahia,29,290002,Alagoinhas,577.5384615384615,Nível 6,229º
Mato Grosso do Sul,50,500005,Dourados,577.4480151228734,Nível 6,230º
Minas Gerais,31,310003,Santa Bárbara - Ouro Preto,577.1751412429378,Nível 6,231º
Rio Grande do Sul,43,430005,Camaquã,576.7272727272727,Nível 6,232º
Rio de Janeiro,33,330014,Macaé - Rio das Ostras,575.9293873312565,Nível 6,233º
Pernambuco,26,260011,Arcoverde,575.6726768377254,Nível 6,234º
Rio de Janeiro,33,330003,Rio Bonito,575.0877192982456,Nível 6,235º
São Paulo,35,350003,Sorocaba,574.9149753154142,Nível 6,236º
Pernambuco,26,260016,Araripina,574.8989113530326,Nível 6,237º
São Paulo,35,350002,Santos,574.7023639988607,Nível 6,238º
Rio Grande do Sul,43,430001,Porto Alegre,574.5926849542809,Nível 6,239º
Paraná,41,410014,Maringá,574.0841990158557,Nível 6,240º
Paraíba,25,250001,João Pessoa,573.5759096612296,Nível 6,241º
Espírito Santo,32,320006,Nova Venécia,573.4059945504088,Nível 6,242º
Amapá,16,160001,Macapá,573.281020107896,Nível 6,243º
São Paulo,35,350022,Araçatuba,573.2155477031802,Nível 6,244º
São Paulo,35,350032,Barretos,573.0362116991644,Nível 6,245º
Pará,15,150013,Tucumã - São Félix do Xingu,573.0285714285715,Nível 6,246º
Pará,15,150010,Parauapebas,572.5539568345324,Nível 6,247º
São Paulo,35,350024,Andradina,572.4157303370787,Nível 6,248º
Santa Catarina,42,420020,Itajaí,572.4133242692046,Nível 6,249º
Pernambuco,26,260005,Vitória de Santo Antão,572.2323049001815,Nível 6,250º
São Paulo,35,350050,Taubaté - Pindamonhangaba,572.1414141414141,Nível 6,251º
São Paulo,35,350031,Ribeirão Preto,571.6957605985037,Nível 6,252º
Bahia,29,290008,Teixeira de Freitas,571.5326251896813,Nível 6,253º
Paraná,41,410010,Pato Branco,571.2559618441971,Nível 6,254º
Mato Grosso do Sul,50,500001,Campo Grande,571.2070410729254,Nível 6,255º
Minas Gerais,31,310013,Teófilo Otoni,571.0482529118136,Nível 5,256º
Paraíba,25,250010,Itaporanga,570.6091370558376,Nível 5,257º
Rio Grande do Sul,43,430039,Vacaria,570.5325443786983,Nível 5,258º
Maranhão,21,210021,Açailândia,570.43630017452,Nível 5,259º
São Paulo,35,350035,Ituverava,570.3585657370518,Nível 5,260º
Rondônia,11,110005,Cacoal,570.3409090909091,Nível 5,261º
São Paulo,35,350026,Catanduva,570.2452316076294,Nível 5,262º
Santa Catarina,42,420014,Caçador,570.0636942675159,Nível 5,263º
Rio de Janeiro,33,330013,Cabo Frio,570.0518134715026,Nível 5,264º
Paraná,41,410009,Francisco Beltrão,569.9656357388316,Nível 5,265º
Paraná,41,410011,Laranjeiras do Sul - Quedas do Iguaçu,569.9630996309963,Nível 5,266º
Bahia,29,290021,Xique-Xique - Barra,569.8536585365854,Nível 5,267º
São Paulo,35,350044,São João da Boa Vista,569.6633663366337,Nível 5,268º
Piauí,22,220016,Bom Jesus,569.2063492063492,Nível 5,269º
Roraima,14,140001,Boa Vista,569.1052114060964,Nível 5,270º
Sergipe,28,280002,Estância,568.8962108731466,Nível 5,271º
Pará,15,150008,Capitão Poço,568.8888888888889,Nível 5,272º
Bahia,29,290003,Santo Antônio de Jesus,568.6829268292682,Nível 5,273º
São Paulo,35,350015,Ourinhos,568.25,Nível 5,274º
Rondônia,11,110006,Vilhena,568.019801980198,Nível 5,275º
Minas Gerais,31,310012,Espinosa,567.8260869565217,Nível 5,276º
Pará,15,150014,Xinguara,567.6635514018692,Nível 5,277º
Acre,12,120004,Cruzeiro do Sul,567.6029962546817,Nível 5,278º
Bahia,29,290017,Bom Jesus da Lapa,567.4331550802139,Nível 5,279º
Bahia,29,290033,Serrinha,567.379679144385,Nível 5,280º
Bahia,29,290001,Salvador,567.0926966292135,Nível 5,281º
Rio de Janeiro,33,330006,Valença,567.0317002881844,Nível 5,282º
Pará,15,150016,Itaituba,566.9318181818181,Nível 5,283º
Maranhão,21,210012,Pedreiras,566.4179104477612,Nível 5,284º
Paraná,41,410001,Curitiba,566.1910740783015,Nível 5,285º
Mato Grosso,51,510016,Rondonópolis,566.0436137071652,Nível 5,286º
São Paulo,35,350041,Bragança Paulista,566.0320855614973,Nível 5,287º
Maranhão,21,210017,São João dos Patos,565.9665871121719,Nível 5,288º
Ceará,23,230017,Acaraú,565.8890030832476,Nível 5,289º
Paraná,41,410018,Cianorte,565.8181818181819,Nível 5,290º
Bahia,29,290030,Jacobina,565.7976653696498,Nível 5,291º
São Paulo,35,350021,Presidente Epitácio-Presidente Venceslau,565.7324840764331,Nível 5,292º
Pernambuco,26,260017,Salgueiro,565.6107382550335,Nível 5,293º
Mato Grosso,51,510004,Cáceres,565.4748603351956,Nível 5,294º
Minas Gerais,31,310060,Ituiutaba,565.4629629629629,Nível 5,295º
Minas Gerais,31,310030,Ponte Nova,564.6222222222223,Nível 5,296º
São Paulo,35,350012,Lins,564.5421245421245,Nível 5,297º
Minas Gerais,31,310010,Pirapora,564.3428571428572,Nível 5,298º
Minas Gerais,31,310022,Mantena,564.0963855421687,Nível 5,299º
Paraná,41,410021,Londrina,563.9563106796116,Nível 5,300º
Rio Grande do Sul,43,430017,São Borja,563.7547892720306,Nível 5,301º
Bahia,29,290007,Ilhéus - Itabuna,563.734827264239,Nível 5,302º
Rio de Janeiro,33,330001,Rio de Janeiro,563.6675665252603,Nível 5,303º
Paraná,41,410007,Foz do Iguaçu,563.2757051865332,Nível 5,304º
Pará,15,150020,Breves,562.9003783102144,Nível 5,305º
Mato Grosso do Sul,50,500002,Três Lagoas,562.8169014084507,Nível 5,306º
Paraíba,25,250006,Cuité - Nova Floresta,561.8817204301075,Nível 4,307º
Piauí,22,220001,Teresina,561.8524332810047,Nível 4,308º
Minas Gerais,31,310036,Além Paraíba,561.7391304347826,Nível 4,309º
Mato Grosso,51,510007,Sinop,561.5228426395939,Nível 4,310º
Rio Grande do Norte,24,240004,Santa Cruz,561.3422818791946,Nível 4,311º
Minas Gerais,31,310063,Unaí,561.2456747404844,Nível 4,312º
São Paulo,35,350023,Birigui - Penápolis,561.2429378531074,Nível 4,313º
Maranhão,21,210001,São Luís,561.0089020771513,Nível 4,314º
Pará,15,150011,Tucuruí,560.7731092436975,Nível 4,315º
Maranhão,21,210020,Barra do Corda,560.704845814978,Nível 4,316º
Goiás,52,520007,Itumbiara,560.3688524590164,Nível 4,317º
Piauí,22,220006,Parnaíba,559.6037296037296,Nível 4,318º
São Paulo,35,350006,Itapetininga,558.3539094650206,Nível 4,319º
Santa Catarina,42,420005,Lages,558.2304526748972,Nível 4,320º
Paraná,41,410024,Cornélio Procópio - Bandeirantes,558.1949458483755,Nível 4,321º
Mato Grosso do Sul,50,500006,Naviraí - Mundo Novo,558.0188679245283,Nível 4,322º
Minas Gerais,31,310008,Salinas,557.5280898876405,Nível 4,323º
Paraná,41,410004,Guarapuava,557.2778402699663,Nível 4,324º
Rio Grande do Sul,43,430016,Santana do Livramento,557.1704180064309,Nível 4,325º
Rio Grande do Norte,24,240011,Açu,557.1639042357274,Nível 4,326º
Pará,15,150012,Redenção,557.1428571428571,Nível 4,327º
Paraná,41,410015,Campo Mourão,557.0196078431372,Nível 4,328º
Mato Grosso,51,510003,Diamantino,557.0192307692307,Nível 4,329º
Paraná,41,410029,Irati,557.0087976539589,Nível 4,330º
Ceará,23,230001,Fortaleza,556.6581862303808,Nível 4,331º
Minas Gerais,31,310064,Patrocínio,556.2114537444934,Nível 4,332º
Pernambuco,26,260007,Barreiros - Sirinhaém,556.1147902869757,Nível 4,333º
Tocantins,17,170007,Colinas do Tocantins,555.5974842767296,Nível 4,334º
Pará,15,150003,Abaetetuba,555.5701754385965,Nível 4,335º
São Paulo,35,350004,Itapeva,555.2085354025219,Nível 4,336º
Mato Grosso,51,510009,Juína,555.0537634408602,Nível 4,337º
Ceará,23,230007,Russas - Limoeiro do Norte,555.0038729666925,Nível 4,338º
Ceará,23,230004,Canindé,554.7529411764706,Nível 4,339º
São Paulo,35,350005,Registro,554.1127348643006,Nível 4,340º
Mato Grosso,51,510012,Juara,553.6170212765958,Nível 4,341º
Piauí,22,220019,Canto do Buriti,553.6170212765958,Nível 4,341º
Mato Grosso,51,510002,Tangará da Serra,553.5643564356436,Nível 4,342º
Minas Gerais,31,310018,Pedra Azul,553.1034482758621,Nível 4,343º
Maranhão,21,210010,Bacabal,552.8586171310629,Nível 4,344º
Maranhão,21,210009,Santa Inês,552.8114478114478,Nível 4,345º
Paraná,41,410005,Pitanga,552.3076923076923,Nível 4,346º
São Paulo,35,350008,Tatuí,551.9760479041917,Nível 4,347º
Ceará,23,230011,Juazeiro do Norte,551.8304369010882,Nível 4,348º
Alagoas,27,270004,São Miguel dos Campos,551.7073170731708,Nível 4,349º
Paraná,41,410023,Apucarana,551.25,Nível 4,350º
Maranhão,21,210007,Tutóia - Araioses,550.5405405405405,Nível 4,351º
Goiás,52,520019,Luziânia,550.3610675039247,Nível 4,352º
Mato Grosso,51,510017,Primavera do Leste,550.0813008130082,Nível 4,353º
Paraíba,25,250015,Cajazeiras,550.0403225806451,Nível 4,354º
Goiás,52,520010,Rio Verde,550.0364298724954,Nível 4,355º
São Paulo,35,350007,Avaré,549.4601542416452,Nível 4,356º
Rio Grande do Sul,43,430022,São Luiz Gonzaga,549.2929292929293,Nível 3,357º
Tocantins,17,170004,Miracema do Tocantins,548.9108910891089,Nível 3,358º
Paraíba,25,250003,Mamanguape - Rio Tinto,548.7323943661971,Nível 3,359º
Paraná,41,410006,Cascavel,548.409475465313,Nível 3,360º
São Paulo,35,350011,Botucatu,547.8384798099762,Nível 3,361º
Bahia,29,290031,Itaberaba,547.820895522388,Nível 3,362º
Bahia,29,290022,Juazeiro,547.3653566229985,Nível 3,363º
Paraná,41,410003,União da Vitória,547.1060171919771,Nível 3,364º
Minas Gerais,31,310023,Aimorés - Resplendor,547.0833333333334,Nível 3,365º
Bahia,29,290015,Itapetinga,546.9767441860465,Nível 3,366º
Piauí,22,220008,Esperantina,546.6115702479339,Nível 3,367º
Mato Grosso do Sul,50,500007,Nova Andradina,546.2172284644195,Nível 3,368º
Ceará,23,230012,Brejo Santo,546.21271076524,Nível 3,369º
Rio Grande do Sul,43,430006,Charqueadas - Triunfo - São Jerônimo,544.9074074074074,Nível 3,370º
Amapá,16,160004,Porto Grande,544.6913580246913,Nível 3,371º
Tocantins,17,170003,Paraíso do Tocantins,544.0677966101695,Nível 3,372º
Paraná,41,410008,Toledo,544.0478781284004,Nível 3,373º
Maranhão,21,210022,Balsas,542.7503736920777,Nível 3,374º
Paraná,41,410022,Santo Antônio da Platina,542.6972740315639,Nível 3,375º
São Paulo,35,350053,Cruzeiro,542.6277372262774,Nível 3,376º
Paraíba,25,250009,Patos,542.0810514786418,Nível 3,377º
Paraná,41,410012,Dois Vizinhos,541.847389558233,Nível 3,378º
Bahia,29,290009,Eunápolis - Porto Seguro,541.3577981651376,Nível 3,379º
Tocantins,17,170005,Araguaína,541.231527093596,Nível 3,380º
Ceará,23,230008,Aracati,541.1596638655462,Nível 3,381º
Ceará,23,230016,São Benedito - Ipu - Guaraciaba do Norte - Tianguá,540.8835758835759,Nível 3,382º
Rio Grande do Norte,24,240005,João Câmara,540.6535947712418,Nível 3,383º
Maranhão,21,210003,Chapadinha,540.6201550387597,Nível 3,384º
Santa Catarina,42,420023,Ibirama - Presidente Getúlio,540.5,Nível 3,385º
Tocantins,17,170001,Palmas,540.2162162162163,Nível 3,386º
Rio Grande do Sul,43,430010,Bagé,540.1785714285714,Nível 3,387º
Alagoas,27,270001,Maceió,540.130869899923,Nível 3,388º
São Paulo,35,350051,Caraguatatuba - Ubatuba - São Sebastião,540.08,Nível 3,389º
Mato Grosso,51,510008,Sorriso,539.3948126801153,Nível 3,390º
Mato Grosso do Sul,50,500003,Paranaíba - Chapadão do Sul - Cassilândia,539.296875,Nível 3,391º
Paraná,41,410016,Umuarama,539.2910447761194,Nível 3,392º
Paraná,41,410027,Ponta Grossa,539.0387016229713,Nível 3,393º
Minas Gerais,31,310058,Iturama,538.9010989010989,Nível 3,394º
Ceará,23,230015,Sobral,538.6963074604371,Nível 3,395º
Pará,15,150006,Capanema,538.2892057026477,Nível 3,396º
Goiás,52,520009,Piracanjuba,538.2758620689655,Nível 3,397º
Paraíba,25,250008,Sumé,537.9899497487437,Nível 3,398º
Goiás,52,520014,Iporá,536.8731563421829,Nível 3,399º
Minas Gerais,31,310015,Almenara,536.4102564102565,Nível 3,400º
Mato Grosso,51,510018,Jaciara,536.3358778625955,Nível 3,401º
Rio de Janeiro,33,330002,Angra dos Reis,535.9228650137741,Nível 3,402º
Paraná,41,410028,Telêmaco Borba,535.9197324414715,Nível 3,403º
Rondônia,11,110003,Jaru,535.8666666666667,Nível 3,404º
Bahia,29,290005,Valença,535.7272727272727,Nível 3,405º
Tocantins,17,170010,Gurupi,535.7055214723927,Nível 3,406º
Pernambuco,26,260018,Escada - Ribeirão,535.682382133995,Nível 3,407º
Paraná,41,410002,Paranaguá,534.8789808917197,Nível 2,408º
Minas Gerais,31,310057,Frutal,534.0540540540541,Nível 2,409º
Bahia,29,290020,Irecê,533.9057239057239,Nível 2,410º
Mato Grosso,51,510001,Cuiabá,533.8251986379115,Nível 2,411º
Maranhão,21,210015,Codó,533.620178041543,Nível 2,412º
Piauí,22,220013,São Raimundo Nonato,533.4459459459459,Nível 2,413º
Ceará,23,230005,Itapagé,533.394375408764,Nível 2,414º
Ceará,23,230013,Crateús,533.2397660818714,Nível 2,415º
Tocantins,17,170008,Tocantinópolis,532.3376623376623,Nível 2,416º
Goiás,52,520020,Águas Lindas de Goiás,531.5019255455712,Nível 2,417º
Rio Grande do Norte,24,240002,Santo Antônio - Passa e Fica - Nova Cruz,530.8206686930091,Nível 2,418º
Mato Grosso,51,510015,Água Boa,530.7692307692307,Nível 2,419º
Maranhão,21,210013,Caxias,529.7503285151117,Nível 2,420º
Amazonas,13,130007,Eirunepé,529.6052631578947,Nível 2,421º
Pará,15,150017,Oriximiná,529.4117647058823,Nível 2,422º
Mato Grosso,51,510013,Barra do Garças,529.0677966101695,Nível 2,423º
Ceará,23,230003,Redenção-Acarape,528.9108910891089,Nível 2,424º
Rio Grande do Norte,24,240003,Canguaretama,528.4615384615385,Nível 2,425º
Bahia,29,290023,Senhor do Bonfim,528.3108108108108,Nível 2,426º
Paraná,41,410017,Paranavaí,527.5418994413408,Nível 2,427º
Ceará,23,230002,Itapipoca,527.5260257195346,Nível 2,428º
Roraima,14,140003,Rorainópolis,527.3333333333334,Nível 2,429º
Tocantins,17,170006,Guaraí,526.829268292683,Nível 2,430º
Mato Grosso do Sul,50,500012,Aquidauana - Anastácio,526.2910798122066,Nível 2,431º
Alagoas,27,270006,Atalaia,525.551839464883,Nível 2,432º
Paraná,41,410026,Ibaiti,524.8387096774194,Nível 2,433º
Paraná,41,410025,Ivaiporã,524.6332046332046,Nível 2,434º
Maranhão,21,210002,Pinheiro,524.1500586166471,Nível 2,435º
Alagoas,27,270009,Delmiro Gouveia,524.0071556350626,Nível 2,436º
Piauí,22,220017,Floriano,523.3898305084746,Nível 2,437º
São Paulo,35,350027,Votuporanga,523.3684210526316,Nível 2,438º
Santa Catarina,42,420006,Curitibanos,523.3333333333334,Nível 2,439º
Ceará,23,230009,Iguatu,523.2968954962834,Nível 2,440º
Maranhão,21,210011,Governador Nunes Freire,523.2105263157895,Nível 2,441º
Goiás,52,520013,São Luís de Montes Belos,522.4770642201835,Nível 2,442º
Pará,15,150005,Bragança,520.5511811023622,Nível 2,443º
Paraná,41,410020,Loanda,518.0392156862745,Nível 2,444º
Minas Gerais,31,310011,São Francisco,517.1223021582733,Nível 2,445º
Amazonas,13,130001,Manaus,516.6094781043791,Nível 2,446º
Goiás,52,520015,Palmeiras de Goiás,516.401179941003,Nível 2,447º
Piauí,22,220002,Amarante - Água Branca - Regeneração,516.2075848303393,Nível 2,448º
Acre,12,120002,Brasiléia,513.6559139784946,Nível 2,449º
Mato Grosso do Sul,50,500011,Jardim,513.1932773109244,Nível 2,450º
Mato Grosso,51,510005,Pontes e Lacerda - Comodoro,513.0890052356021,Nível 2,451º
Pará,15,150019,Almeirim - Porto de Moz,512.6881720430108,Nível 2,452º
Pernambuco,26,260012,Goiana - Timbaúba,512.6666666666666,Nível 2,453º
Alagoas,27,270005,União dos Palmares,511.4031180400891,Nível 2,454º
Ceará,23,230018,Camocim,511.1958997722096,Nível 2,455º
Paraíba,25,250007,Monteiro,511.1229946524064,Nível 2,456º
Sergipe,28,280003,Propriá,510.5825242718447,Nível 2,457º
Paraíba,25,250004,Itabaiana,510.44444444444446,Nível 2,458º
Minas Gerais,31,310021,Guanhães,510.37735849056605,Nível 1,459º
Bahia,29,290010,Camacan,509.9009900990099,Nível 1,460º
Mato Grosso do Sul,50,500004,Coxim,509.8347107438017,Nível 1,461º
Amapá,16,160003,Oiapoque,509.5798319327731,Nível 1,462º
Pará,15,150021,Soure-Salvaterra,509.55801104972375,Nível 1,463º
Bahia,29,290004,Cruz das Almas,508.9021956087825,Nível 1,464º
Bahia,29,290019,Santa Maria da Vitoria,508.5,Nível 1,465º
Tocantins,17,170009,Araguatins,508.3195592286501,Nível 1,466º
Goiás,52,520021,Posse-Campos Belos,506.4761904761905,Nível 1,467º
Ceará,23,230010,Icó,503.1695331695332,Nível 1,468º
Minas Gerais,31,310049,Piumhi,502.0,Nível 1,469º
Maranhão,21,210018,Colinas,501.9047619047619,Nível 1,470º
Mato Grosso do Sul,50,500008,Ponta Porã,499.9166666666667,Nível 1,471º
Tocantins,17,170002,Porto Nacional,499.7478991596639,Nível 1,472º
Bahia,29,290006,Nazaré - Maragogipe,498.8679245283019,Nível 1,473º
Amazonas,13,130002,São Gabriel da Cachoeira,498.4,Nível 1,474º
Maranhão,21,210005,Viana,498.0748663101604,Nível 1,475º
Ceará,23,230006,Quixadá,496.15,Nível 1,476º
Mato Grosso,51,510014,Confresa - Vila Rica,495.27777777777777,Nível 1,477º
Acre,12,120003,Sena Madureira,495.0649350649351,Nível 1,478º
Tocantins,17,170011,Dianópolis,494.35406698564594,Nível 1,479º
Minas Gerais,31,310009,Januária,494.1592920353982,Nível 1,480º
Rio Grande do Norte,24,240006,São Paulo do Potengi,494.1538461538461,Nível 1,481º
Mato Grosso do Sul,50,500010,Corumbá,493.8738738738739,Nível 1,482º
Piauí,22,220014,São João do Piauí,492.6315789473685,Nível 1,483º
Piauí,22,220015,Corrente,492.4110671936759,Nível 1,484º
Mato Grosso,51,510011,Peixoto de Azevedo - Guarantã do Norte,489.6045197740113,Nível 1,485º
Ceará,23,230014,Tauá,489.41813261163736,Nível 1,486º
Amapá,16,160002,Laranjal do Jari,487.5609756097561,Nível 1,487º
Alagoas,27,270008,Palmeira dos Índios,487.28,Nível 1,488º
Maranhão,21,210008,Cururupu,483.6649214659686,Nível 1,489º
Amazonas,13,130008,Lábrea,482.9665071770335,Nível 1,490º
Amazonas,13,130003,Coari,481.9484240687679,Nível 1,491º
Alagoas,27,270003,Penedo,481.0289389067524,Nível 1,492º
Piauí,22,220012,Simplício Mendes,480.0,Nível 1,493º
Amazonas,13,130009,Manicoré,478.9333333333333,Nível 1,494º
Amazonas,13,130010,Parintins,476.5276211950394,Nível 1,495º
Minas Gerais,31,310019,Águas Formosas,475.55555555555554,Nível 1,496º
Alagoas,27,270010,Santana do Ipanema,473.0478589420655,Nível 1,497º
Alagoas,27,270002,Porto Calvo - São Luís do Quitunde,472.0413436692506,Nível 1,498º
Amazonas,13,130011,Itacoatiara,470.2742230347349,Nível 1,499º
Maranhão,21,210004,Itapecuru Mirim,469.5684803001876,Nível 1,500º
Roraima,14,140004,Caracaraí,469.0,Nível 1,501º
Amazonas,13,130004,Manacapuru,468.2637362637363,Nível 1,502º
Amazonas,13,130005,Tefé,464.5274725274725,Nível 1,503º
Maranhão,21,210006,Barreirinhas,459.0123456790124,Nível 1,504º
Amazonas,13,130006,Tabatinga,444.4820295983087,Nível 1,505º
Goiás,52,520022,Flores de Goiás,443.2926829268293,Nível 1,506º
Roraima,14,140002,Pacaraima,439.0243902439024,Nível 1,507º
Alagoas,27,270011,Pão de Açúcar - Olho d'Água das Flores - Batalha,436.2145110410095,Nível 1,508º
Acre,12,120005,Tarauacá,434.017094017094,Nível 1,509º
Piauí,22,220018,Uruçuí,431.52317880794703,Nível 1,510º
